"STATION,""NAME"",""LATITUDE"",""LONGITUDE"",""ELEVATION"",""DATE"",""PRCP"",""SNOW"",""SNWD"",""TAVG"",""TMAX"",""TMIN"""
"TBM000024233,""MASERATI LEVANTE, WA US"",""47.4444"",""-122.3138"",""112.8"",""2018-01-01"",""0.00"",""0.0"",""0.0"",""36"",""44"",""31"""
"TBM000024233,""MASERATI LEVANTE, WA US"",""47.4444"",""-122.3138"",""112.8"",""2018-01-02"",""0.00"",""0.0"",""0.0"",""37"",""44"",""34"""
"TBM000024233,""MASERATI LEVANTE, WA US"",""47.4444"",""-122.3138"",""112.8"",""2018-01-03"",""0.00"",""0.0"",""0.0"",""39"",""49"",""33"""
"TBM000024233,""MASERATI LEVANTE, WA US"",""47.4444"",""-122.3138"",""112.8"",""2018-01-04"",""0.13"",""0.0"",""0.0"",""41"",""47"",""35"""
"TBM000024233,""MASERATI LEVANTE, WA US"",""47.4444"",""-122.3138"",""112.8"",""2018-01-05"",""0.51"",""0.0"",""0.0"",""46"",""51"",""45"""
"TBM000024233,""MASERATI LEVANTE, WA US"",""47.4444"",""-122.3138"",""112.8"",""2018-01-06"",""0.17"",""0.0"",""0.0"",""47"",""48"",""42"""
"TBM000024233,""MASERATI LEVANTE, WA US"",""47.4444"",""-122.3138"",""112.8"",""2018-01-07"",""0.33"",""0.0"",""0.0"",""44"",""45"",""41"""
"TBM000024233,""MASERATI LEVANTE, WA US"",""47.4444"",""-122.3138"",""112.8"",""2018-01-08"",""0.16"",""0.0"",""0.0"",""45"",""49"",""43"""
"TBM000024233,""MASERATI LEVANTE, WA US"",""47.4444"",""-122.3138"",""112.8"",""2018-01-09"",""0.18"",""0.0"",""0.0"",""45"",""50"",""43"""
"TBM000024233,""MASERATI LEVANTE, WA US"",""47.4444"",""-122.3138"",""112.8"",""2018-01-10"",""0.17"",""0.0"",""0.0"",""43"",""45"",""41"""
"TBM000024233,""MASERATI LEVANTE, WA US"",""47.4444"",""-122.3138"",""112.8"",""2018-01-11"",""1.12"",""0.0"",""0.0"",""44"",""50"",""42"""
"TBM000024233,""MASERATI LEVANTE, WA US"",""47.4444"",""-122.3138"",""112.8"",""2018-01-12"",""0.10"",""0.0"",""0.0"",""50"",""51"",""48"""
"TBM000024233,""MASERATI LEVANTE, WA US"",""47.4444"",""-122.3138"",""112.8"",""2018-01-13"",""0.01"",""0.0"",""0.0"",""50"",""58"",""45"""
"TBM000024233,""MASERATI LEVANTE, WA US"",""47.4444"",""-122.3138"",""112.8"",""2018-01-14"",""0.00"",""0.0"",""0.0"",""47"",""56"",""40"""
"TBM000024233,""MASERATI LEVANTE, WA US"",""47.4444"",""-122.3138"",""112.8"",""2018-01-15"",""0.06"",""0.0"",""0.0"",""48"",""64"",""41"""
"TBM000024233,""MASERATI LEVANTE, WA US"",""47.4444"",""-122.3138"",""112.8"",""2018-01-16"",""0.19"",""0.0"",""0.0"",""52"",""56"",""44"""
"TBM000024233,""MASERATI LEVANTE, WA US"",""47.4444"",""-122.3138"",""112.8"",""2018-01-17"",""0.43"",""0.0"",""0.0"",""49"",""56"",""45"""
"TBM000024233,""MASERATI LEVANTE, WA US"",""47.4444"",""-122.3138"",""112.8"",""2018-01-18"",""0.40"",""0.0"",""0.0"",""48"",""52"",""39"""
"TBM000024233,""MASERATI LEVANTE, WA US"",""47.4444"",""-122.3138"",""112.8"",""2018-01-19"",""0.03"",""0.0"",""0.0"",""42"",""46"",""38"""
"TBM000024233,""MASERATI LEVANTE, WA US"",""47.4444"",""-122.3138"",""112.8"",""2018-01-20"",""0.08"",""0.0"",""0.0"",""43"",""49"",""39"""
"TBM000024233,""MASERATI LEVANTE, WA US"",""47.4444"",""-122.3138"",""112.8"",""2018-01-21"",""0.11"",""0.0"",""0.0"",""48"",""51"",""39"""
"TBM000024233,""MASERATI LEVANTE, WA US"",""47.4444"",""-122.3138"",""112.8"",""2018-01-22"",""0.36"",""0.0"",""0.0"",""43"",""47"",""40"""
"TBM000024233,""MASERATI LEVANTE, WA US"",""47.4444"",""-122.3138"",""112.8"",""2018-01-23"",""0.88"",""0.0"",""0.0"",""42"",""48"",""40"""
"TBM000024233,""MASERATI LEVANTE, WA US"",""47.4444"",""-122.3138"",""112.8"",""2018-01-24"",""0.44"",""0.0"",""0.0"",""46"",""49"",""41"""
"TBM000024233,""MASERATI LEVANTE, WA US"",""47.4444"",""-122.3138"",""112.8"",""2018-01-25"",""0.15"",""0.0"",""0.0"",""41"",""44"",""37"""
"TBM000024233,""MASERATI LEVANTE, WA US"",""47.4444"",""-122.3138"",""112.8"",""2018-01-26"",""0.41"",""0.0"",""0.0"",""40"",""42"",""38"""
"TBM000024233,""MASERATI LEVANTE, WA US"",""47.4444"",""-122.3138"",""112.8"",""2018-01-27"",""0.55"",""0.0"",""0.0"",""43"",""48"",""41"""
"TBM000024233,""MASERATI LEVANTE, WA US"",""47.4444"",""-122.3138"",""112.8"",""2018-01-28"",""0.06"",""0.0"",""0.0"",""47"",""57"",""43"""
"TBM000024233,""MASERATI LEVANTE, WA US"",""47.4444"",""-122.3138"",""112.8"",""2018-01-29"",""1.09"",""0.0"",""0.0"",""49"",""52"",""43"""
"TBM000024233,""MASERATI LEVANTE, WA US"",""47.4444"",""-122.3138"",""112.8"",""2018-01-30"",""0.00"",""0.0"",""0.0"",""44"",""47"",""39"""
"TBM000024233,""MASERATI LEVANTE, WA US"",""47.4444"",""-122.3138"",""112.8"",""2018-01-31"",""0.00"",""0.0"",""0.0"",""42"",""45"",""39"""
"TBM000024233,""MASERATI LEVANTE, WA US"",""47.4444"",""-122.3138"",""112.8"",""2018-02-01"",""0.57"",""0.0"",""0.0"",""44"",""46"",""43"""
"TBM000024233,""MASERATI LEVANTE, WA US"",""47.4444"",""-122.3138"",""112.8"",""2018-02-02"",""0.08"",""0.0"",""0.0"",""48"",""53"",""45"""
"TBM000024233,""MASERATI LEVANTE, WA US"",""47.4444"",""-122.3138"",""112.8"",""2018-02-03"",""0.14"",""0.0"",""0.0"",""49"",""51"",""48"""
"TBM000024233,""MASERATI LEVANTE, WA US"",""47.4444"",""-122.3138"",""112.8"",""2018-02-04"",""0.01"",""0.0"",""0.0"",""51"",""55"",""49"""
"TBM000024233,""MASERATI LEVANTE, WA US"",""47.4444"",""-122.3138"",""112.8"",""2018-02-05"",""0.03"",""0.0"",""0.0"",""49"",""50"",""46"""
"TBM000024233,""MASERATI LEVANTE, WA US"",""47.4444"",""-122.3138"",""112.8"",""2018-02-06"",""0.05"",""0.0"",""0.0"",""46"",""48"",""44"""
"TBM000024233,""MASERATI LEVANTE, WA US"",""47.4444"",""-122.3138"",""112.8"",""2018-02-07"",""0.00"",""0.0"",""0.0"",""49"",""54"",""47"""
"TBM000024233,""MASERATI LEVANTE, WA US"",""47.4444"",""-122.3138"",""112.8"",""2018-02-08"",""0.05"",""0.0"",""0.0"",""51"",""53"",""42"""
"TBM000024233,""MASERATI LEVANTE, WA US"",""47.4444"",""-122.3138"",""112.8"",""2018-02-09"",""0.00"",""0.0"",""0.0"",""44"",""49"",""39"""
"TBM000024233,""MASERATI LEVANTE, WA US"",""47.4444"",""-122.3138"",""112.8"",""2018-02-10"",""0.00"",""0.0"",""0.0"",""40"",""46"",""33"""
"TBM000024233,""MASERATI LEVANTE, WA US"",""47.4444"",""-122.3138"",""112.8"",""2018-02-11"",""0.00"",""0.0"",""0.0"",""39"",""46"",""33"""
"TBM000024233,""MASERATI LEVANTE, WA US"",""47.4444"",""-122.3138"",""112.8"",""2018-02-12"",""0.00"",""0.0"",""0.0"",""39"",""47"",""32"""
"TBM000024233,""MASERATI LEVANTE, WA US"",""47.4444"",""-122.3138"",""112.8"",""2018-02-13"",""0.14"",""0.0"",""0.0"",""37"",""48"",""29"""
"TBM000024233,""MASERATI LEVANTE, WA US"",""47.4444"",""-122.3138"",""112.8"",""2018-02-14"",""0.10"",""0.0"",""0.0"",""40"",""44"",""37"""
"TBM000024233,""MASERATI LEVANTE, WA US"",""47.4444"",""-122.3138"",""112.8"",""2018-02-15"",""0.01"",""0.0"",""0.0"",""40"",""45"",""36"""
"TBM000024233,""MASERATI LEVANTE, WA US"",""47.4444"",""-122.3138"",""112.8"",""2018-02-16"",""0.11"",""0.0"",""0.0"",""42"",""47"",""40"""
"TBM000024233,""MASERATI LEVANTE, WA US"",""47.4444"",""-122.3138"",""112.8"",""2018-02-17"",""0.30"",""0.0"",""0.0"",""46"",""49"",""39"""
"TBM000024233,""MASERATI LEVANTE, WA US"",""47.4444"",""-122.3138"",""112.8"",""2018-02-18"",""0.06"",""0.0"",""0.0"",""38"",""39"",""30"""
"TBM000024233,""MASERATI LEVANTE, WA US"",""47.4444"",""-122.3138"",""112.8"",""2018-02-19"",""0.00"",""0.0"",""0.0"",""32"",""37"",""28"""
"TBM000024233,""MASERATI LEVANTE, WA US"",""47.4444"",""-122.3138"",""112.8"",""2018-02-20"",""0.00"",""0.0"",""0.0"",""31"",""36"",""27"""
"TBM000024233,""MASERATI LEVANTE, WA US"",""47.4444"",""-122.3138"",""112.8"",""2018-02-21"",""0.06"",""1.0"",""0.0"",""31"",""34"",""26"""
"TBM000024233,""MASERATI LEVANTE, WA US"",""47.4444"",""-122.3138"",""112.8"",""2018-02-22"",""0.00"",""0.0"",""1.2"",""31"",""38"",""26"""
"TBM000024233,""MASERATI LEVANTE, WA US"",""47.4444"",""-122.3138"",""112.8"",""2018-02-23"",""0.03"",""0.0"",""0.0"",""30"",""40"",""24"""
"TBM000024233,""MASERATI LEVANTE, WA US"",""47.4444"",""-122.3138"",""112.8"",""2018-02-24"",""0.06"",""0.0"",""0.0"",""37"",""45"",""36"""
"TBM000024233,""MASERATI LEVANTE, WA US"",""47.4444"",""-122.3138"",""112.8"",""2018-02-25"",""0.20"",""0.0"",""0.0"",""42"",""43"",""35"""
"TBM000024233,""MASERATI LEVANTE, WA US"",""47.4444"",""-122.3138"",""112.8"",""2018-02-26"",""0.00"",""0.0"",""0.0"",""37"",""45"",""32"""
"TBM000024233,""MASERATI LEVANTE, WA US"",""47.4444"",""-122.3138"",""112.8"",""2018-02-27"",""0.01"",""0.0"",""0.0"",""40"",""47"",""37"""
"TBM000024233,""MASERATI LEVANTE, WA US"",""47.4444"",""-122.3138"",""112.8"",""2018-02-28"",""0.15"",""0.0"",""0.0"",""42"",""47"",""39"""
"TBM000024233,""MASERATI LEVANTE, WA US"",""47.4444"",""-122.3138"",""112.8"",""2018-03-01"",""0.03"",""0.0"",""0.0"",""44"",""51"",""37"""
"TBM000024233,""MASERATI LEVANTE, WA US"",""47.4444"",""-122.3138"",""112.8"",""2018-03-02"",""0.18"",""0.0"",""0.0"",""42"",""45"",""37"""
"TBM000024233,""MASERATI LEVANTE, WA US"",""47.4444"",""-122.3138"",""112.8"",""2018-03-03"",""0.00"",""0.0"",""0.0"",""41"",""52"",""34"""
"TBM000024233,""MASERATI LEVANTE, WA US"",""47.4444"",""-122.3138"",""112.8"",""2018-03-04"",""0.13"",""0.0"",""0.0"",""40"",""48"",""33"""
"TBM000024233,""MASERATI LEVANTE, WA US"",""47.4444"",""-122.3138"",""112.8"",""2018-03-05"",""0.00"",""0.0"",""0.0"",""41"",""47"",""39"""
"TBM000024233,""MASERATI LEVANTE, WA US"",""47.4444"",""-122.3138"",""112.8"",""2018-03-06"",""0.00"",""0.0"",""0.0"",""44"",""53"",""37"""
"TBM000024233,""MASERATI LEVANTE, WA US"",""47.4444"",""-122.3138"",""112.8"",""2018-03-07"",""0.04"",""0.0"",""0.0"",""43"",""50"",""35"""
"TBM000024233,""MASERATI LEVANTE, WA US"",""47.4444"",""-122.3138"",""112.8"",""2018-03-08"",""0.35"",""0.0"",""0.0"",""45"",""52"",""39"""
"TBM000024233,""MASERATI LEVANTE, WA US"",""47.4444"",""-122.3138"",""112.8"",""2018-03-09"",""0.00"",""0.0"",""0.0"",""46"",""52"",""40"""
"TBM000024233,""MASERATI LEVANTE, WA US"",""47.4444"",""-122.3138"",""112.8"",""2018-03-10"",""0.00"",""0.0"",""0.0"",""44"",""59"",""34"""
"TBM000024233,""MASERATI LEVANTE, WA US"",""47.4444"",""-122.3138"",""112.8"",""2018-03-11"",""0.00"",""0.0"",""0.0"",""51"",""64"",""39"""
"TBM000024233,""MASERATI LEVANTE, WA US"",""47.4444"",""-122.3138"",""112.8"",""2018-03-12"",""0.00"",""0.0"",""0.0"",""57"",""73"",""42"""
"TBM000024233,""MASERATI LEVANTE, WA US"",""47.4444"",""-122.3138"",""112.8"",""2018-03-13"",""0.27"",""0.0"",""0.0"",""60"",""64"",""44"""
"TBM000024233,""MASERATI LEVANTE, WA US"",""47.4444"",""-122.3138"",""112.8"",""2018-03-14"",""0.03"",""0.0"",""0.0"",""47"",""53"",""40"""
"TBM000024233,""MASERATI LEVANTE, WA US"",""47.4444"",""-122.3138"",""112.8"",""2018-03-15"",""0.00"",""0.0"",""0.0"",""45"",""56"",""35"""
"TBM000024233,""MASERATI LEVANTE, WA US"",""47.4444"",""-122.3138"",""112.8"",""2018-03-16"",""0.00"",""0.0"",""0.0"",""47"",""58"",""39"""
"TBM000024233,""MASERATI LEVANTE, WA US"",""47.4444"",""-122.3138"",""112.8"",""2018-03-17"",""0.00"",""0.0"",""0.0"",""46"",""54"",""38"""
"TBM000024233,""MASERATI LEVANTE, WA US"",""47.4444"",""-122.3138"",""112.8"",""2018-03-18"",""0.00"",""0.0"",""0.0"",""46"",""55"",""39"""
"TBM000024233,""MASERATI LEVANTE, WA US"",""47.4444"",""-122.3138"",""112.8"",""2018-03-19"",""0.00"",""0.0"",""0.0"",""45"",""55"",""37"""
"TBM000024233,""MASERATI LEVANTE, WA US"",""47.4444"",""-122.3138"",""112.8"",""2018-03-20"",""0.00"",""0.0"",""0.0"",""46"",""56"",""36"""
"TBM000024233,""MASERATI LEVANTE, WA US"",""47.4444"",""-122.3138"",""112.8"",""2018-03-21"",""0.10"",""0.0"",""0.0"",""46"",""58"",""36"""
"TBM000024233,""MASERATI LEVANTE, WA US"",""47.4444"",""-122.3138"",""112.8"",""2018-03-22"",""0.46"",""0.0"",""0.0"",""47"",""49"",""39"""
"TBM000024233,""MASERATI LEVANTE, WA US"",""47.4444"",""-122.3138"",""112.8"",""2018-03-23"",""0.35"",""0.0"",""0.0"",""41"",""49"",""34"""
"TBM000024233,""MASERATI LEVANTE, WA US"",""47.4444"",""-122.3138"",""112.8"",""2018-03-24"",""0.23"",""0.0"",""0.0"",""41"",""47"",""34"""
"TBM000024233,""MASERATI LEVANTE, WA US"",""47.4444"",""-122.3138"",""112.8"",""2018-03-25"",""0.04"",""0.0"",""0.0"",""43"",""52"",""37"""
"TBM000024233,""MASERATI LEVANTE, WA US"",""47.4444"",""-122.3138"",""112.8"",""2018-03-26"",""0.15"",""0.0"",""0.0"",""44"",""46"",""40"""
"TBM000024233,""MASERATI LEVANTE, WA US"",""47.4444"",""-122.3138"",""112.8"",""2018-03-27"",""0.08"",""0.0"",""0.0"",""47"",""52"",""45"""
"TBM000024233,""MASERATI LEVANTE, WA US"",""47.4444"",""-122.3138"",""112.8"",""2018-03-28"",""0.00"",""0.0"",""0.0"",""47"",""54"",""44"""
"TBM000024233,""MASERATI LEVANTE, WA US"",""47.4444"",""-122.3138"",""112.8"",""2018-03-29"",""0.00"",""0.0"",""0.0"",""48"",""55"",""43"""
"TBM000024233,""MASERATI LEVANTE, WA US"",""47.4444"",""-122.3138"",""112.8"",""2018-03-30"",""0.00"",""0.0"",""0.0"",""50"",""57"",""46"""
"TBM000024233,""MASERATI LEVANTE, WA US"",""47.4444"",""-122.3138"",""112.8"",""2018-03-31"",""0.00"",""0.0"",""0.0"",""50"",""59"",""45"""
"TBM000024233,""MASERATI LEVANTE, WA US"",""47.4444"",""-122.3138"",""112.8"",""2018-04-01"",""0.00"",""0.0"",""0.0"",""47"",""50"",""38"""
"TBM000024233,""MASERATI LEVANTE, WA US"",""47.4444"",""-122.3138"",""112.8"",""2018-04-02"",""0.00"",""0.0"",""0.0"",""43"",""53"",""36"""
"TBM000024233,""MASERATI LEVANTE, WA US"",""47.4444"",""-122.3138"",""112.8"",""2018-04-03"",""0.00"",""0.0"",""0.0"",""45"",""50"",""39"""
"TBM000024233,""MASERATI LEVANTE, WA US"",""47.4444"",""-122.3138"",""112.8"",""2018-04-04"",""0.29"",""0.0"",""0.0"",""45"",""50"",""41"""
"TBM000024233,""MASERATI LEVANTE, WA US"",""47.4444"",""-122.3138"",""112.8"",""2018-04-05"",""0.21"",""0.0"",""0.0"",""49"",""56"",""46"""
"TBM000024233,""MASERATI LEVANTE, WA US"",""47.4444"",""-122.3138"",""112.8"",""2018-04-06"",""0.05"",""0.0"",""0.0"",""54"",""65"",""49"""
"TBM000024233,""MASERATI LEVANTE, WA US"",""47.4444"",""-122.3138"",""112.8"",""2018-04-07"",""0.82"",""0.0"",""0.0"",""57"",""62"",""46"""
"TBM000024233,""MASERATI LEVANTE, WA US"",""47.4444"",""-122.3138"",""112.8"",""2018-04-08"",""0.39"",""0.0"",""0.0"",""48"",""51"",""46"""
"TBM000024233,""MASERATI LEVANTE, WA US"",""47.4444"",""-122.3138"",""112.8"",""2018-04-09"",""0.00"",""0.0"",""0.0"",""50"",""62"",""44"""
"TBM000024233,""MASERATI LEVANTE, WA US"",""47.4444"",""-122.3138"",""112.8"",""2018-04-10"",""0.18"",""0.0"",""0.0"",""54"",""60"",""46"""
"TBM000024233,""MASERATI LEVANTE, WA US"",""47.4444"",""-122.3138"",""112.8"",""2018-04-11"",""0.21"",""0.0"",""0.0"",""51"",""54"",""42"""
"TBM000024233,""MASERATI LEVANTE, WA US"",""47.4444"",""-122.3138"",""112.8"",""2018-04-12"",""0.11"",""0.0"",""0.0"",""45"",""51"",""41"""
"TBM000024233,""MASERATI LEVANTE, WA US"",""47.4444"",""-122.3138"",""112.8"",""2018-04-13"",""0.66"",""0.0"",""0.0"",""47"",""53"",""43"""
"TBM000024233,""MASERATI LEVANTE, WA US"",""47.4444"",""-122.3138"",""112.8"",""2018-04-14"",""1.70"",""0.0"",""0.0"",""49"",""53"",""45"""
"TBM000024233,""MASERATI LEVANTE, WA US"",""47.4444"",""-122.3138"",""112.8"",""2018-04-15"",""0.12"",""0.0"",""0.0"",""47"",""51"",""43"""
"TBM000024233,""MASERATI LEVANTE, WA US"",""47.4444"",""-122.3138"",""112.8"",""2018-04-16"",""0.59"",""0.0"",""0.0"",""45"",""47"",""41"""
"TBM000024233,""MASERATI LEVANTE, WA US"",""47.4444"",""-122.3138"",""112.8"",""2018-04-17"",""0.01"",""0.0"",""0.0"",""46"",""53"",""42"""
"TBM000024233,""MASERATI LEVANTE, WA US"",""47.4444"",""-122.3138"",""112.8"",""2018-04-18"",""0.00"",""0.0"",""0.0"",""48"",""60"",""41"""
"TBM000024233,""MASERATI LEVANTE, WA US"",""47.4444"",""-122.3138"",""112.8"",""2018-04-19"",""0.00"",""0.0"",""0.0"",""51"",""62"",""41"""
"TBM000024233,""MASERATI LEVANTE, WA US"",""47.4444"",""-122.3138"",""112.8"",""2018-04-20"",""0.00"",""0.0"",""0.0"",""53"",""63"",""43"""
"TBM000024233,""MASERATI LEVANTE, WA US"",""47.4444"",""-122.3138"",""112.8"",""2018-04-21"",""0.03"",""0.0"",""0.0"",""51"",""56"",""45"""
"TBM000024233,""MASERATI LEVANTE, WA US"",""47.4444"",""-122.3138"",""112.8"",""2018-04-22"",""0.00"",""0.0"",""0.0"",""50"",""59"",""44"""
"TBM000024233,""MASERATI LEVANTE, WA US"",""47.4444"",""-122.3138"",""112.8"",""2018-04-23"",""0.00"",""0.0"",""0.0"",""53"",""69"",""41"""
"TBM000024233,""MASERATI LEVANTE, WA US"",""47.4444"",""-122.3138"",""112.8"",""2018-04-24"",""0.00"",""0.0"",""0.0"",""63"",""77"",""49"""
"TBM000024233,""MASERATI LEVANTE, WA US"",""47.4444"",""-122.3138"",""112.8"",""2018-04-25"",""0.00"",""0.0"",""0.0"",""63"",""75"",""51"""
"TBM000024233,""MASERATI LEVANTE, WA US"",""47.4444"",""-122.3138"",""112.8"",""2018-04-26"",""0.00"",""0.0"",""0.0"",""65"",""82"",""51"""
"TBM000024233,""MASERATI LEVANTE, WA US"",""47.4444"",""-122.3138"",""112.8"",""2018-04-27"",""0.01"",""0.0"",""0.0"",""58"",""58"",""49"""
"TBM000024233,""MASERATI LEVANTE, WA US"",""47.4444"",""-122.3138"",""112.8"",""2018-04-28"",""0.31"",""0.0"",""0.0"",""51"",""55"",""47"""
"TBM000024233,""MASERATI LEVANTE, WA US"",""47.4444"",""-122.3138"",""112.8"",""2018-04-29"",""0.00"",""0.0"",""0.0"",""52"",""61"",""46"""
"TBM000024233,""MASERATI LEVANTE, WA US"",""47.4444"",""-122.3138"",""112.8"",""2018-04-30"",""0.00"",""0.0"",""0.0"",""51"",""59"",""47"""
"TBM000024233,""MASERATI LEVANTE, WA US"",""47.4444"",""-122.3138"",""112.8"",""2018-05-01"",""0.00"",""0.0"",""0.0"",""52"",""62"",""48"""
"TBM000024233,""MASERATI LEVANTE, WA US"",""47.4444"",""-122.3138"",""112.8"",""2018-05-02"",""0.00"",""0.0"",""0.0"",""55"",""70"",""45"""
"TBM000024233,""MASERATI LEVANTE, WA US"",""47.4444"",""-122.3138"",""112.8"",""2018-05-03"",""0.00"",""0.0"",""0.0"",""61"",""74"",""50"""
"TBM000024233,""MASERATI LEVANTE, WA US"",""47.4444"",""-122.3138"",""112.8"",""2018-05-04"",""0.00"",""0.0"",""0.0"",""56"",""64"",""50"""
"TBM000024233,""MASERATI LEVANTE, WA US"",""47.4444"",""-122.3138"",""112.8"",""2018-05-05"",""0.01"",""0.0"",""0.0"",""57"",""68"",""48"""
"TBM000024233,""MASERATI LEVANTE, WA US"",""47.4444"",""-122.3138"",""112.8"",""2018-05-06"",""0.00"",""0.0"",""0.0"",""62"",""77"",""52"""
"TBM000024233,""MASERATI LEVANTE, WA US"",""47.4444"",""-122.3138"",""112.8"",""2018-05-07"",""0.00"",""0.0"",""0.0"",""58"",""69"",""53"""
"TBM000024233,""MASERATI LEVANTE, WA US"",""47.4444"",""-122.3138"",""112.8"",""2018-05-08"",""0.03"",""0.0"",""0.0"",""62"",""75"",""50"""
"TBM000024233,""MASERATI LEVANTE, WA US"",""47.4444"",""-122.3138"",""112.8"",""2018-05-09"",""0.00"",""0.0"",""0.0"",""60"",""67"",""52"""
"TBM000024233,""MASERATI LEVANTE, WA US"",""47.4444"",""-122.3138"",""112.8"",""2018-05-10"",""0.04"",""0.0"",""0.0"",""55"",""62"",""50"""
"TBM000024233,""MASERATI LEVANTE, WA US"",""47.4444"",""-122.3138"",""112.8"",""2018-05-11"",""0.00"",""0.0"",""0.0"",""54"",""67"",""50"""
"TBM000024233,""MASERATI LEVANTE, WA US"",""47.4444"",""-122.3138"",""112.8"",""2018-05-12"",""0.00"",""0.0"",""0.0"",""60"",""77"",""49"""
"TBM000024233,""MASERATI LEVANTE, WA US"",""47.4444"",""-122.3138"",""112.8"",""2018-05-13"",""0.00"",""0.0"",""0.0"",""67"",""85"",""52"""
"TBM000024233,""MASERATI LEVANTE, WA US"",""47.4444"",""-122.3138"",""112.8"",""2018-05-14"",""0.00"",""0.0"",""0.0"",""71"",""88"",""58"""
"TBM000024233,""MASERATI LEVANTE, WA US"",""47.4444"",""-122.3138"",""112.8"",""2018-05-15"",""0.00"",""0.0"",""0.0"",""65"",""69"",""54"""
"TBM000024233,""MASERATI LEVANTE, WA US"",""47.4444"",""-122.3138"",""112.8"",""2018-05-16"",""0.00"",""0.0"",""0.0"",""59"",""68"",""53"""
"TBM000024233,""MASERATI LEVANTE, WA US"",""47.4444"",""-122.3138"",""112.8"",""2018-05-17"",""0.00"",""0.0"",""0.0"",""58"",""67"",""53"""
"TBM000024233,""MASERATI LEVANTE, WA US"",""47.4444"",""-122.3138"",""112.8"",""2018-05-18"",""0.00"",""0.0"",""0.0"",""58"",""66"",""53"""
"TBM000024233,""MASERATI LEVANTE, WA US"",""47.4444"",""-122.3138"",""112.8"",""2018-05-19"",""0.04"",""0.0"",""0.0"",""60"",""72"",""45"""
"TBM000024233,""MASERATI LEVANTE, WA US"",""47.4444"",""-122.3138"",""112.8"",""2018-05-20"",""0.00"",""0.0"",""0.0"",""60"",""68"",""55"""
"TBM000024233,""MASERATI LEVANTE, WA US"",""47.4444"",""-122.3138"",""112.8"",""2018-05-21"",""0.00"",""0.0"",""0.0"",""60"",""72"",""54"""
"TBM000024233,""MASERATI LEVANTE, WA US"",""47.4444"",""-122.3138"",""112.8"",""2018-05-22"",""0.00"",""0.0"",""0.0"",""63"",""79"",""51"""
"TBM000024233,""MASERATI LEVANTE, WA US"",""47.4444"",""-122.3138"",""112.8"",""2018-05-23"",""0.00"",""0.0"",""0.0"",""68"",""80"",""55"""
"TBM000024233,""MASERATI LEVANTE, WA US"",""47.4444"",""-122.3138"",""112.8"",""2018-05-24"",""0.00"",""0.0"",""0.0"",""62"",""70"",""54"""
"TBM000024233,""MASERATI LEVANTE, WA US"",""47.4444"",""-122.3138"",""112.8"",""2018-05-25"",""0.00"",""0.0"",""0.0"",""60"",""68"",""52"""
"TBM000024233,""MASERATI LEVANTE, WA US"",""47.4444"",""-122.3138"",""112.8"",""2018-05-26"",""0.00"",""0.0"",""0.0"",""59"",""68"",""52"""
"TBM000024233,""MASERATI LEVANTE, WA US"",""47.4444"",""-122.3138"",""112.8"",""2018-05-27"",""0.00"",""0.0"",""0.0"",""60"",""75"",""51"""
"TBM000024233,""MASERATI LEVANTE, WA US"",""47.4444"",""-122.3138"",""112.8"",""2018-05-28"",""0.00"",""0.0"",""0.0"",""61"",""70"",""52"""
"TBM000024233,""MASERATI LEVANTE, WA US"",""47.4444"",""-122.3138"",""112.8"",""2018-05-29"",""0.00"",""0.0"",""0.0"",""58"",""65"",""50"""
"TBM000024233,""MASERATI LEVANTE, WA US"",""47.4444"",""-122.3138"",""112.8"",""2018-05-30"",""0.00"",""0.0"",""0.0"",""56"",""67"",""48"""
"TBM000024233,""MASERATI LEVANTE, WA US"",""47.4444"",""-122.3138"",""112.8"",""2018-05-31"",""0.00"",""0.0"",""0.0"",""56"",""67"",""49"""
"TBM000024233,""MASERATI LEVANTE, WA US"",""47.4444"",""-122.3138"",""112.8"",""2018-06-01"",""0.00"",""0.0"",""0.0"",""56"",""68"",""48"""
"TBM000024233,""MASERATI LEVANTE, WA US"",""47.4444"",""-122.3138"",""112.8"",""2018-06-02"",""0.00"",""0.0"",""0.0"",""62"",""77"",""54"""
"TBM000024233,""MASERATI LEVANTE, WA US"",""47.4444"",""-122.3138"",""112.8"",""2018-06-03"",""0.01"",""0.0"",""0.0"",""61"",""63"",""53"""
"TBM000024233,""MASERATI LEVANTE, WA US"",""47.4444"",""-122.3138"",""112.8"",""2018-06-04"",""0.00"",""0.0"",""0.0"",""55"",""69"",""49"""
"TBM000024233,""MASERATI LEVANTE, WA US"",""47.4444"",""-122.3138"",""112.8"",""2018-06-05"",""0.00"",""0.0"",""0.0"",""58"",""69"",""49"""
"TBM000024233,""MASERATI LEVANTE, WA US"",""47.4444"",""-122.3138"",""112.8"",""2018-06-06"",""0.00"",""0.0"",""0.0"",,""75"",""51"""
"TBM000024233,""MASERATI LEVANTE, WA US"",""47.4444"",""-122.3138"",""112.8"",""2018-06-07"",""0.00"",""0.0"",""0.0"",,""68"",""55"""
"TBM000024233,""MASERATI LEVANTE, WA US"",""47.4444"",""-122.3138"",""112.8"",""2018-06-08"",""0.25"",""0.0"",""0.0"",,""64"",""52"""
"TBM000024233,""MASERATI LEVANTE, WA US"",""47.4444"",""-122.3138"",""112.8"",""2018-06-09"",""0.09"",""0.0"",""0.0"",,""63"",""49"""
"TBM000024233,""MASERATI LEVANTE, WA US"",""47.4444"",""-122.3138"",""112.8"",""2018-06-10"",""0.06"",""0.0"",""0.0"",,""62"",""48"""
"TBM000024233,""MASERATI LEVANTE, WA US"",""47.4444"",""-122.3138"",""112.8"",""2018-06-11"",""0.00"",""0.0"",""0.0"",,""68"",""48"""
"TBM000024233,""MASERATI LEVANTE, WA US"",""47.4444"",""-122.3138"",""112.8"",""2018-06-12"",""0.00"",""0.0"",""0.0"",,""69"",""48"""
"TBM000024233,""MASERATI LEVANTE, WA US"",""47.4444"",""-122.3138"",""112.8"",""2018-06-13"",""0.02"",""0.0"",""0.0"",,""67"",""53"""
"TBM000024233,""MASERATI LEVANTE, WA US"",""47.4444"",""-122.3138"",""112.8"",""2018-06-14"",""0.00"",""0.0"",""0.0"",,""68"",""53"""
"TBM000024233,""MASERATI LEVANTE, WA US"",""47.4444"",""-122.3138"",""112.8"",""2018-06-15"",""0.00"",""0.0"",""0.0"",,""73"",""53"""
"TBM000024233,""MASERATI LEVANTE, WA US"",""47.4444"",""-122.3138"",""112.8"",""2018-06-16"",""0.00"",""0.0"",""0.0"",,""78"",""54"""
"TBM000024233,""MASERATI LEVANTE, WA US"",""47.4444"",""-122.3138"",""112.8"",""2018-06-17"",""0.00"",""0.0"",""0.0"",,""88"",""58"""
"TBM000024233,""MASERATI LEVANTE, WA US"",""47.4444"",""-122.3138"",""112.8"",""2018-06-18"",""0.00"",""0.0"",""0.0"",,""87"",""60"""
"TBM000024233,""MASERATI LEVANTE, WA US"",""47.4444"",""-122.3138"",""112.8"",""2018-06-19"",""0.00"",""0.0"",""0.0"",,""85"",""57"""
"TBM000024233,""MASERATI LEVANTE, WA US"",""47.4444"",""-122.3138"",""112.8"",""2018-06-20"",""0.00"",""0.0"",""0.0"",,""88"",""59"""
"TBM000024233,""MASERATI LEVANTE, WA US"",""47.4444"",""-122.3138"",""112.8"",""2018-06-21"",""0.00"",""0.0"",""0.0"",,""69"",""58"""
"TBM000024233,""MASERATI LEVANTE, WA US"",""47.4444"",""-122.3138"",""112.8"",""2018-06-22"",""0.00"",""0.0"",""0.0"",,""69"",""57"""
"TBM000024233,""MASERATI LEVANTE, WA US"",""47.4444"",""-122.3138"",""112.8"",""2018-06-23"",""0.07"",""0.0"",""0.0"",,""72"",""56"""
"TBM000024233,""MASERATI LEVANTE, WA US"",""47.4444"",""-122.3138"",""112.8"",""2018-06-24"",""0.13"",""0.0"",""0.0"",,""79"",""54"""
"TBM000024233,""MASERATI LEVANTE, WA US"",""47.4444"",""-122.3138"",""112.8"",""2018-06-25"",""0.00"",""0.0"",""0.0"",,""71"",""55"""
"TBM000024233,""MASERATI LEVANTE, WA US"",""47.4444"",""-122.3138"",""112.8"",""2018-06-26"",""0.00"",""0.0"",""0.0"",,""73"",""53"""
"TBM000024233,""MASERATI LEVANTE, WA US"",""47.4444"",""-122.3138"",""112.8"",""2018-06-27"",""0.00"",""0.0"",""0.0"",,""67"",""54"""
"TBM000024233,""MASERATI LEVANTE, WA US"",""47.4444"",""-122.3138"",""112.8"",""2018-06-28"",""0.00"",""0.0"",""0.0"",,""69"",""53"""
"TBM000024233,""MASERATI LEVANTE, WA US"",""47.4444"",""-122.3138"",""112.8"",""2018-06-29"",""0.00"",""0.0"",""0.0"",,""72"",""55"""
"TBM000024233,""MASERATI LEVANTE, WA US"",""47.4444"",""-122.3138"",""112.8"",""2018-06-30"",""0.00"",""0.0"",""0.0"",,""66"",""56"""
"TBM000024233,""MASERATI LEVANTE, WA US"",""47.4444"",""-122.3138"",""112.8"",""2018-07-01"",""0.04"",""0.0"",""0.0"",,""71"",""56"""
"TBM000024233,""MASERATI LEVANTE, WA US"",""47.4444"",""-122.3138"",""112.8"",""2018-07-02"",""0.00"",""0.0"",""0.0"",,""70"",""53"""
"TBM000024233,""MASERATI LEVANTE, WA US"",""47.4444"",""-122.3138"",""112.8"",""2018-07-03"",""0.00"",""0.0"",""0.0"",,""76"",""50"""
"TBM000024233,""MASERATI LEVANTE, WA US"",""47.4444"",""-122.3138"",""112.8"",""2018-07-04"",""0.00"",""0.0"",""0.0"",,""83"",""57"""
"TBM000024233,""MASERATI LEVANTE, WA US"",""47.4444"",""-122.3138"",""112.8"",""2018-07-05"",""0.00"",""0.0"",""0.0"",,""85"",""59"""
"TBM000024233,""MASERATI LEVANTE, WA US"",""47.4444"",""-122.3138"",""112.8"",""2018-07-06"",""0.00"",""0.0"",""0.0"",,""78"",""60"""
"TBM000024233,""MASERATI LEVANTE, WA US"",""47.4444"",""-122.3138"",""112.8"",""2018-07-07"",""0.01"",""0.0"",""0.0"",,""74"",""58"""
"TBM000024233,""MASERATI LEVANTE, WA US"",""47.4444"",""-122.3138"",""112.8"",""2018-07-08"",""0.00"",""0.0"",""0.0"",,""81"",""58"""
"TBM000024233,""MASERATI LEVANTE, WA US"",""47.4444"",""-122.3138"",""112.8"",""2018-07-09"",""0.00"",""0.0"",""0.0"",,""72"",""57"""
"TBM000024233,""MASERATI LEVANTE, WA US"",""47.4444"",""-122.3138"",""112.8"",""2018-07-10"",""0.00"",""0.0"",""0.0"",,""78"",""58"""
"TBM000024233,""MASERATI LEVANTE, WA US"",""47.4444"",""-122.3138"",""112.8"",""2018-07-11"",""0.00"",""0.0"",""0.0"",,""82"",""59"""
"TBM000024233,""MASERATI LEVANTE, WA US"",""47.4444"",""-122.3138"",""112.8"",""2018-07-12"",""0.00"",""0.0"",""0.0"",,""89"",""59"""
"TBM000024233,""MASERATI LEVANTE, WA US"",""47.4444"",""-122.3138"",""112.8"",""2018-07-13"",""0.00"",""0.0"",""0.0"",,""85"",""61"""
"TBM000024233,""MASERATI LEVANTE, WA US"",""47.4444"",""-122.3138"",""112.8"",""2018-07-14"",""0.00"",""0.0"",""0.0"",,""87"",""58"""
"TBM000024233,""MASERATI LEVANTE, WA US"",""47.4444"",""-122.3138"",""112.8"",""2018-07-15"",""0.00"",""0.0"",""0.0"",,""93"",""63"""
"TBM000024233,""MASERATI LEVANTE, WA US"",""47.4444"",""-122.3138"",""112.8"",""2018-07-16"",""0.00"",""0.0"",""0.0"",,""92"",""63"""
"TBM000024233,""MASERATI LEVANTE, WA US"",""47.4444"",""-122.3138"",""112.8"",""2018-07-17"",""0.00"",""0.0"",""0.0"",,""85"",""60"""
"TBM000024233,""MASERATI LEVANTE, WA US"",""47.4444"",""-122.3138"",""112.8"",""2018-07-18"",""0.00"",""0.0"",""0.0"",,""77"",""58"""
"TBM000024233,""MASERATI LEVANTE, WA US"",""47.4444"",""-122.3138"",""112.8"",""2018-07-19"",""0.00"",""0.0"",""0.0"",,""70"",""54"""
"TBM000024233,""MASERATI LEVANTE, WA US"",""47.4444"",""-122.3138"",""112.8"",""2018-07-20"",""0.00"",""0.0"",""0.0"",,""74"",""55"""
"TBM000024233,""MASERATI LEVANTE, WA US"",""47.4444"",""-122.3138"",""112.8"",""2018-07-21"",""0.00"",""0.0"",""0.0"",,""79"",""56"""
"TBM000024233,""MASERATI LEVANTE, WA US"",""47.4444"",""-122.3138"",""112.8"",""2018-07-22"",""0.00"",""0.0"",""0.0"",,""86"",""61"""
"TBM000024233,""MASERATI LEVANTE, WA US"",""47.4444"",""-122.3138"",""112.8"",""2018-07-23"",""0.00"",""0.0"",""0.0"",,""90"",""63"""
"TBM000024233,""MASERATI LEVANTE, WA US"",""47.4444"",""-122.3138"",""112.8"",""2018-07-24"",""0.00"",""0.0"",""0.0"",,""91"",""59"""
"TBM000024233,""MASERATI LEVANTE, WA US"",""47.4444"",""-122.3138"",""112.8"",""2018-07-25"",""0.00"",""0.0"",""0.0"",,""92"",""62"""
"TBM000024233,""MASERATI LEVANTE, WA US"",""47.4444"",""-122.3138"",""112.8"",""2018-07-26"",""0.00"",""0.0"",""0.0"",,""92"",""60"""
"TBM000024233,""MASERATI LEVANTE, WA US"",""47.4444"",""-122.3138"",""112.8"",""2018-07-27"",""0.00"",""0.0"",""0.0"",,""88"",""57"""
"TBM000024233,""MASERATI LEVANTE, WA US"",""47.4444"",""-122.3138"",""112.8"",""2018-07-28"",""0.00"",""0.0"",""0.0"",,""85"",""58"""
"TBM000024233,""MASERATI LEVANTE, WA US"",""47.4444"",""-122.3138"",""112.8"",""2018-07-29"",""0.00"",""0.0"",""0.0"",,""94"",""60"""
"TBM000024233,""MASERATI LEVANTE, WA US"",""47.4444"",""-122.3138"",""112.8"",""2018-07-30"",""0.00"",""0.0"",""0.0"",,""89"",""62"""
"TBM000024233,""MASERATI LEVANTE, WA US"",""47.4444"",""-122.3138"",""112.8"",""2018-07-31"",""0.00"",""0.0"",""0.0"",,""80"",""60"""
"TBM000024233,""MASERATI LEVANTE, WA US"",""47.4444"",""-122.3138"",""112.8"",""2018-08-01"",""0.00"",""0.0"",""0.0"",,""75"",""59"""
"TBM000024233,""MASERATI LEVANTE, WA US"",""47.4444"",""-122.3138"",""112.8"",""2018-08-02"",""0.02"",""0.0"",""0.0"",,""70"",""58"""
"TBM000024233,""MASERATI LEVANTE, WA US"",""47.4444"",""-122.3138"",""112.8"",""2018-08-03"",""0.01"",""0.0"",""0.0"",,""76"",""59"""
"TBM000024233,""MASERATI LEVANTE, WA US"",""47.4444"",""-122.3138"",""112.8"",""2018-08-04"",""0.00"",""0.0"",""0.0"",,""81"",""58"""
"TBM000024233,""MASERATI LEVANTE, WA US"",""47.4444"",""-122.3138"",""112.8"",""2018-08-05"",""0.00"",""0.0"",""0.0"",,""86"",""59"""
"TBM000024233,""MASERATI LEVANTE, WA US"",""47.4444"",""-122.3138"",""112.8"",""2018-08-06"",""0.00"",""0.0"",""0.0"",,""89"",""59"""
"TBM000024233,""MASERATI LEVANTE, WA US"",""47.4444"",""-122.3138"",""112.8"",""2018-08-07"",""0.00"",""0.0"",""0.0"",,""92"",""60"""
"TBM000024233,""MASERATI LEVANTE, WA US"",""47.4444"",""-122.3138"",""112.8"",""2018-08-08"",""0.00"",""0.0"",""0.0"",,""94"",""62"""
"TBM000024233,""MASERATI LEVANTE, WA US"",""47.4444"",""-122.3138"",""112.8"",""2018-08-09"",""0.00"",""0.0"",""0.0"",,""93"",""60"""
"TBM000024233,""MASERATI LEVANTE, WA US"",""47.4444"",""-122.3138"",""112.8"",""2018-08-10"",""0.00"",""0.0"",""0.0"",,""82"",""62"""
"TBM000024233,""MASERATI LEVANTE, WA US"",""47.4444"",""-122.3138"",""112.8"",""2018-08-11"",""0.05"",""0.0"",""0.0"",,""72"",""62"""
"TBM000024233,""MASERATI LEVANTE, WA US"",""47.4444"",""-122.3138"",""112.8"",""2018-08-12"",""0.00"",""0.0"",""0.0"",,""73"",""59"""
"TBM000024233,""MASERATI LEVANTE, WA US"",""47.4444"",""-122.3138"",""112.8"",""2018-08-13"",""0.00"",""0.0"",""0.0"",,""79"",""59"""
"TBM000024233,""MASERATI LEVANTE, WA US"",""47.4444"",""-122.3138"",""112.8"",""2018-08-14"",""0.00"",""0.0"",""0.0"",,""85"",""62"""
"TBM000024233,""MASERATI LEVANTE, WA US"",""47.4444"",""-122.3138"",""112.8"",""2018-08-15"",""0.00"",""0.0"",""0.0"",,""86"",""61"""
"TBM000024233,""MASERATI LEVANTE, WA US"",""47.4444"",""-122.3138"",""112.8"",""2018-08-16"",""0.00"",""0.0"",""0.0"",,""73"",""58"""
"TBM000024233,""MASERATI LEVANTE, WA US"",""47.4444"",""-122.3138"",""112.8"",""2018-08-17"",""0.00"",""0.0"",""0.0"",,""74"",""54"""
"TBM000024233,""MASERATI LEVANTE, WA US"",""47.4444"",""-122.3138"",""112.8"",""2018-08-18"",""0.00"",""0.0"",""0.0"",,""81"",""55"""
"TBM000024233,""MASERATI LEVANTE, WA US"",""47.4444"",""-122.3138"",""112.8"",""2018-08-19"",""0.00"",""0.0"",""0.0"",,""80"",""58"""
"TBM000024233,""MASERATI LEVANTE, WA US"",""47.4444"",""-122.3138"",""112.8"",""2018-08-20"",""0.00"",""0.0"",""0.0"",,""81"",""57"""
"TBM000024233,""MASERATI LEVANTE, WA US"",""47.4444"",""-122.3138"",""112.8"",""2018-08-21"",""0.00"",""0.0"",""0.0"",,""91"",""65"""
"TBM000024233,""MASERATI LEVANTE, WA US"",""47.4444"",""-122.3138"",""112.8"",""2018-08-22"",""0.00"",""0.0"",""0.0"",,""89"",""59"""
"TBM000024233,""MASERATI LEVANTE, WA US"",""47.4444"",""-122.3138"",""112.8"",""2018-08-23"",""0.01"",""0.0"",""0.0"",,""73"",""57"""
"TBM000024233,""MASERATI LEVANTE, WA US"",""47.4444"",""-122.3138"",""112.8"",""2018-08-24"",""0.00"",""0.0"",""0.0"",,""69"",""56"""
"TBM000024233,""MASERATI LEVANTE, WA US"",""47.4444"",""-122.3138"",""112.8"",""2018-08-25"",""0.00"",""0.0"",""0.0"",,""64"",""53"""
"TBM000024233,""MASERATI LEVANTE, WA US"",""47.4444"",""-122.3138"",""112.8"",""2018-08-26"",""0.11"",""0.0"",""0.0"",,""65"",""57"""
"TBM000024233,""MASERATI LEVANTE, WA US"",""47.4444"",""-122.3138"",""112.8"",""2018-08-27"",""0.00"",""0.0"",""0.0"",,""76"",""56"""
"TBM000024233,""MASERATI LEVANTE, WA US"",""47.4444"",""-122.3138"",""112.8"",""2018-08-28"",""0.00"",""0.0"",""0.0"",""67"",""84"",""55"""
"TBM000024233,""MASERATI LEVANTE, WA US"",""47.4444"",""-122.3138"",""112.8"",""2018-08-29"",""0.00"",""0.0"",""0.0"",""68"",""77"",""57"""
"TBM000024233,""MASERATI LEVANTE, WA US"",""47.4444"",""-122.3138"",""112.8"",""2018-08-30"",""0.00"",""0.0"",""0.0"",""66"",""73"",""60"""
"TBM000024233,""MASERATI LEVANTE, WA US"",""47.4444"",""-122.3138"",""112.8"",""2018-08-31"",""0.00"",""0.0"",""0.0"",""64"",""69"",""58"""
"TBM000024233,""MASERATI LEVANTE, WA US"",""47.4444"",""-122.3138"",""112.8"",""2018-09-01"",""0.00"",""0.0"",""0.0"",""63"",""73"",""57"""
"TBM000024233,""MASERATI LEVANTE, WA US"",""47.4444"",""-122.3138"",""112.8"",""2018-09-02"",""0.00"",""0.0"",""0.0"",""63"",""76"",""52"""
"TBM000024233,""MASERATI LEVANTE, WA US"",""47.4444"",""-122.3138"",""112.8"",""2018-09-03"",""0.00"",""0.0"",""0.0"",""66"",""74"",""58"""
"TBM000024233,""MASERATI LEVANTE, WA US"",""47.4444"",""-122.3138"",""112.8"",""2018-09-04"",""0.00"",""0.0"",""0.0"",""64"",""77"",""55"""
"TBM000024233,""MASERATI LEVANTE, WA US"",""47.4444"",""-122.3138"",""112.8"",""2018-09-05"",""0.00"",""0.0"",""0.0"",""67"",""82"",""57"""
"TBM000024233,""MASERATI LEVANTE, WA US"",""47.4444"",""-122.3138"",""112.8"",""2018-09-06"",""0.00"",""0.0"",""0.0"",""69"",""85"",""56"""
"TBM000024233,""MASERATI LEVANTE, WA US"",""47.4444"",""-122.3138"",""112.8"",""2018-09-07"",""0.05"",""0.0"",""0.0"",""65"",""75"",""56"""
"TBM000024233,""MASERATI LEVANTE, WA US"",""47.4444"",""-122.3138"",""112.8"",""2018-09-08"",""0.04"",""0.0"",""0.0"",""62"",""71"",""58"""
"TBM000024233,""MASERATI LEVANTE, WA US"",""47.4444"",""-122.3138"",""112.8"",""2018-09-09"",""0.13"",""0.0"",""0.0"",""65"",""75"",""57"""
"TBM000024233,""MASERATI LEVANTE, WA US"",""47.4444"",""-122.3138"",""112.8"",""2018-09-10"",""0.00"",""0.0"",""0.0"",""63"",""68"",""58"""
"TBM000024233,""MASERATI LEVANTE, WA US"",""47.4444"",""-122.3138"",""112.8"",""2018-09-11"",""0.00"",""0.0"",""0.0"",""61"",""67"",""56"""
